<?xml version="1.0" encoding="UTF-8"?>
<ReviewApplication>
    <Users>
        <User>
            <UserName>username1</UserName>
            <FirstName>first1</FirstName>
            <LastName>last1</LastName>
        </User>
        <User>
            <UserName>username2</UserName>
            <FirstName>first2</FirstName>
            <LastName>last2</LastName>
        </User>
        <User>
            <UserName>username3</UserName>
            <FirstName>first3</FirstName>
            <LastName>last3</LastName>
        </User>
        <User>
            <UserName>username4</UserName>
            <FirstName>first4</FirstName>
            <LastName>last4</LastName>
        </User>
        <User>
            <UserName>username5</UserName>
            <FirstName>first5</FirstName>
            <LastName>last5</LastName>
        </User>
    </Users>
    <Companys>
        <Company>
            <CompanyName>companyname1</CompanyName>
            <About>aboutcompany1</About>
            <Restaurants>
                <Restaurant>
                    <RestaurantId>restaurantid1</RestaurantId>
                    <Name>restaurant1</Name>
                </Restaurant>
                <Restaurant>
                    <RestaurantId>restaurantid2</RestaurantId>
                    <Name>restaurant2</Name>
                </Restaurant>
                <Restaurant>
                    <RestaurantId>restaurantid3</RestaurantId>
                    <Name>restaurant3</Name>
                </Restaurant>
            </Restaurants>    
        </Company>
        <Company>
            <CompanyName>companyname2</CompanyName>
            <About>aboutcompany2</About>
            <Restaurants>
                <Restaurant>
                    <RestaurantId>restaurantid4</RestaurantId>
                    <Name>restaurant4</Name>
                </Restaurant>
                <Restaurant>
                    <RestaurantId>restaurantid5</RestaurantId>
                    <Name>restaurant5</Name>
                </Restaurant>
                <Restaurant>
                    <RestaurantId>restaurantid6</RestaurantId>
                    <Name>restaurant6</Name>
                </Restaurant>
            </Restaurants>    
        </Company>
        <Company>
            <CompanyName>companyname3</CompanyName>
            <About>aboutcompany3</About>
            <Restaurants>
                <Restaurant>
                    <RestaurantId>restaurantid7</RestaurantId>
                    <Name>restaurant7</Name>
                </Restaurant>
                <Restaurant>
                    <RestaurantId>restaurantid8</RestaurantId>
                    <Name>restaurant8</Name>
                </Restaurant>
                <Restaurant>
                    <RestaurantId>restaurantid9</RestaurantId>
                    <Name>restaurant9</Name>
                </Restaurant>
            </Restaurants>    
        </Company>
    </Companys>
    <Reviews>
        <Review>
            <UserName>username1</UserName>
            <RestaurantId>restaurantid1</RestaurantId>
            <Rating>4.0</Rating>
        </Review>
        <Review>
            <UserName>username1</UserName>
            <RestaurantId>restaurantid2</RestaurantId>
            <Rating>5.0</Rating>
        </Review>
        <Review>
            <UserName>username1</UserName>
            <RestaurantId>restaurantid4</RestaurantId>
            <Rating>4.0</Rating>
        </Review>
        <Review>
            <UserName>username1</UserName>
            <RestaurantId>restaurantid5</RestaurantId>
            <Rating>1.0</Rating>
        </Review>
        <Review>
            <UserName>username2</UserName>
            <RestaurantId>restaurantid1</RestaurantId>
            <Rating>2.0</Rating>
        </Review>
        <Review>
            <UserName>username2</UserName>
            <RestaurantId>restaurantid7</RestaurantId>
            <Rating>3.0</Rating>
        </Review>
        <Review>
            <UserName>username2</UserName>
            <RestaurantId>restaurantid8</RestaurantId>
            <Rating>4.0</Rating>
        </Review>
    </Reviews>
    <Recommendations>
        <Recommendation>
            <UserName>username1</UserName>
            <RestaurantId>restaurantid1</RestaurantId>
        </Recommendation>
        <Recommendation>
            <UserName>username1</UserName>
            <RestaurantId>restaurantid2</RestaurantId>
        </Recommendation>
        <Recommendation>
            <UserName>username1</UserName>
            <RestaurantId>restaurantid4</RestaurantId>
        </Recommendation>
        <Recommendation>
            <UserName>username1</UserName>
            <RestaurantId>restaurantid5</RestaurantId>
        </Recommendation>
        <Recommendation>
            <UserName>username3</UserName>
            <RestaurantId>restaurantid1</RestaurantId>
        </Recommendation>
        <Recommendation>
            <UserName>username4</UserName>
            <RestaurantId>restaurantid7</RestaurantId>
        </Recommendation>
        <Recommendation>
            <UserName>username5</UserName>
            <RestaurantId>restaurantid8</RestaurantId>
        </Recommendation>
    </Recommendations>
</ReviewApplication>


